ping,2023-12-19 14:46:17
type,2023-12-19 14:46:23
type,2023-12-19 14:46:27
type,2023-12-19 14:46:31
type,2023-12-19 14:46:35
type,2023-12-19 14:46:39
type,2023-12-19 14:46:43
type,2023-12-19 14:46:47
sum,2023-12-19 14:46:51
pow,2023-12-19 14:46:55
ping,2023-12-19 17:19:27
type,2023-12-19 17:19:33
type,2023-12-19 17:19:37
type,2023-12-19 17:19:41
type,2023-12-19 17:19:45
type,2023-12-19 17:19:49
type,2023-12-19 17:19:53
type,2023-12-19 17:19:57
sum,2023-12-19 17:20:02
pow,2023-12-19 17:20:06
send_back_binary,2023-12-19 17:20:22
send_back_inversion,2023-12-19 17:20:27
black_list_check,2023-12-19 17:20:40
black_list_check,2023-12-19 17:20:45
black_list_check_par,2023-12-19 17:20:49
black_list_check_par,2023-12-19 17:20:53
black_list_check_par,2023-12-19 17:20:57
send_back_flipped,2023-12-19 17:21:01
send_back_binary_par,2023-12-19 17:21:06
ping,2023-12-19 17:27:20
type,2023-12-19 17:27:26
type,2023-12-19 17:27:30
type,2023-12-19 17:27:34
type,2023-12-19 17:27:38
type,2023-12-19 17:27:42
type,2023-12-19 17:27:46
type,2023-12-19 17:27:50
sum,2023-12-19 17:27:54
pow,2023-12-19 17:27:59
send_back_binary,2023-12-19 17:28:05
send_back_inversion,2023-12-19 17:28:10
black_list_check,2023-12-19 17:28:25
black_list_check,2023-12-19 17:28:29
black_list_check_par,2023-12-19 17:28:33
black_list_check_par,2023-12-19 17:28:37
black_list_check_par,2023-12-19 17:28:41
send_back_flipped,2023-12-19 17:28:46
ping,2023-12-19 17:32:16
type,2023-12-19 17:32:22
type,2023-12-19 17:32:26
type,2023-12-19 17:32:30
type,2023-12-19 17:32:34
type,2023-12-19 17:32:38
type,2023-12-19 17:32:42
type,2023-12-19 17:32:47
sum,2023-12-19 17:32:51
pow,2023-12-19 17:32:55
send_back_binary,2023-12-19 17:33:01
send_back_inversion,2023-12-19 17:33:06
black_list_check,2023-12-19 17:33:19
black_list_check,2023-12-19 17:33:24
black_list_check_par,2023-12-19 17:33:28
black_list_check_par,2023-12-19 17:33:32
black_list_check_par,2023-12-19 17:33:36
send_back_flipped,2023-12-19 17:33:40
ping,2023-12-19 17:42:56
type,2023-12-19 17:43:02
type,2023-12-19 17:43:06
type,2023-12-19 17:43:10
type,2023-12-19 17:43:14
type,2023-12-19 17:43:18
type,2023-12-19 17:43:23
type,2023-12-19 17:43:27
sum,2023-12-19 17:43:31
pow,2023-12-19 17:43:35
send_back_binary,2023-12-19 17:43:40
send_back_inversion,2023-12-19 17:43:44
black_list_check,2023-12-19 17:43:54
black_list_check,2023-12-19 17:43:58
black_list_check_par,2023-12-19 17:44:02
black_list_check_par,2023-12-19 17:44:06
black_list_check_par,2023-12-19 17:44:11
send_back_flipped,2023-12-19 17:44:15
ping,2023-12-19 17:45:43
type,2023-12-19 17:45:50
type,2023-12-19 17:45:54
type,2023-12-19 17:45:58
type,2023-12-19 17:46:02
type,2023-12-19 17:46:06
type,2023-12-19 17:46:10
type,2023-12-19 17:46:14
sum,2023-12-19 17:46:18
pow,2023-12-19 17:46:22
send_back_binary,2023-12-19 17:46:27
send_back_inversion,2023-12-19 17:46:32
black_list_check,2023-12-19 17:46:42
black_list_check,2023-12-19 17:46:46
black_list_check_par,2023-12-19 17:46:51
black_list_check_par,2023-12-19 17:46:55
black_list_check_par,2023-12-19 17:46:59
